{
  "accuracy": 0.9318786353652749,
  "precision": 0.9302752566361157,
  "recall": 0.9319655955616786,
  "f1": 0.9311196589463346,
  "roc_auc": 0.9592807129475416,
  "best_iteration": 77,
  "samples_test": 543618
}